Order ID,Transaction ID,Date,Time,Product Name,Product Price,Quantity,Subtotal,Discount Amount,Tax Amount,Total Amount,Customer Name,Customer Email,Payment Status,Payment Method,Referral Source,Customer IP Address,Billing Address 1,Billing Address 2,Billing City,Billing State,Billing Zip Code,Billing Country
STAN-20250117-2121,TRX-20250117-735956,2025-01-17,17:28:43,Phone Case,23.00,1,23.00,0.00,2.99,25.99,Alice Thomas,alice.thomas69@example.com,Succeeded,Credit Card,Instagram,169.199.186.136,778 Maple Blvd,Toronto,ON,P3K 9R2,Canada
STAN-20250106-4444,TRX-20250106-963503,2025-01-06,19:15:39,Phone Case,23.00,1,23.00,0.00,2.99,25.99,Tina Garcia,tina.garcia70@yahoo.com,Succeeded,Credit Card,TikTok,188.169.143.197,931 Oak Rd,Ottawa,ON,Q9K 2T2,Canada
STAN-20250108-7278,TRX-20250108-569420,2025-01-08,07:38:29,Wired Earphones,25.00,2,50.00,0.00,6.50,56.50,Peter Brown,peter.brown82@mail.com,Succeeded,Apple Pay,Instagram,170.198.17.159,576 Pine Ave,Montreal,QC,A9B 3X1,Canada
STAN-20250112-9226,TRX-20250112-588265,2025-01-12,04:23:44,AirPods Case,20.00,1,20.00,0.00,2.60,22.60,Mia Clark,mia.clark58@outlook.com,Succeeded,PayPal,Facebook,13.75.14.71,684 Oak St,Toronto,ON,N3F 1X1,Canada
STAN-20250109-1748,TRX-20250109-775796,2025-01-09,03:22:15,Phone Case,23.00,1,23.00,0.00,2.99,25.99,Grace Davis,grace.davis42@gmail.com,Succeeded,Credit Card,Google,150.155.105.158,542 Main Ave,Calgary,AB,P3K 9R2,Canada
STAN-20250116-2917,TRX-20250116-630252,2025-01-16,04:24:43,Phone Wrap,12.00,1,12.00,0.00,1.56,13.56,Mia Clark,mia.clark58@outlook.com,Succeeded,Credit Card,Direct,210.150.77.126,684 Oak St,Toronto,ON,N3F 1X1,Canada
STAN-20250113-1768,TRX-20250113-585800,2025-01-13,01:52:05,AirPods Case,20.00,1,20.00,0.00,2.60,22.60,Olivia Anderson,olivia.anderson10@gmail.com,Succeeded,Apple Pay,Instagram,79.130.156.241,123 Pine Blvd,Vancouver,BC,K6L 1N1,Canada
STAN-20250125-9614,TRX-20250125-832675,2025-01-25,23:25:01,Wired Earphones,25.00,1,25.00,0.00,3.25,28.25,Alice Thomas,alice.thomas69@example.com,Refunded,Credit Card,Instagram,169.199.186.136,778 Maple Blvd,Toronto,ON,P3K 9R2,Canada
STAN-20250103-6239,TRX-20250103-518218,2025-01-03,21:40:48,Phone Case,23.00,1,23.00,0.00,2.99,25.99,Noah Harris,noah.harris58@example.com,Pending,Credit Card,Facebook,73.181.189.100,544 Elm Blvd,Calgary,AB,Q9K 2T2,Canada
STAN-20250128-4433,TRX-20250128-984241,2025-01-28,15:58:39,Phone Case,23.00,1,23.00,0.00,2.99,25.99,Frank Taylor,frank.taylor55@yahoo.com,Succeeded,PayPal,Instagram,215.86.14.214,534 Maple Rd,Montreal,QC,A9B 3X1,Canada
STAN-20250113-5689,TRX-20250113-640108,2025-01-13,02:18:03,Wired Earphones,25.00,1,25.00,0.00,3.25,28.25,Uma Jackson,uma.jackson37@gmail.com,Failed,Credit Card (Declined),Google,81.161.166.216,343 Pine Ln,Calgary,AB,A9B 3X1,Canada
STAN-20250127-6286,TRX-20250127-660144,2025-01-27,07:07:08,Phone Case,23.00,1,23.00,0.00,2.99,25.99,Frank Taylor,frank.taylor55@yahoo.com,Succeeded,Credit Card,TikTok,215.86.14.214,534 Maple Rd,Montreal,QC,A9B 3X1,Canada
STAN-20250124-7835,TRX-20250124-633276,2025-01-24,20:46:11,AirPods Case,20.00,1,20.00,0.00,2.60,22.60,Uma Jackson,uma.jackson37@gmail.com,Succeeded,PayPal,Instagram,81.161.166.216,343 Pine Ln,Calgary,AB,A9B 3X1,Canada
STAN-20250106-9302,TRX-20250106-258054,2025-01-06,12:29:43,AirPods Case,20.00,1,20.00,0.00,2.60,22.60,Judy Moore,judy.moore25@outlook.com,Succeeded,Credit Card,Instagram,169.176.104.254,929 Main St,Vancouver,BC,Q9K 2T2,Canada
STAN-20250117-9159,TRX-20250117-943033,2025-01-17,04:22:20,Phone Case,23.00,1,23.00,0.00,2.99,25.99,Uma Jackson,uma.jackson37@gmail.com,Succeeded,Apple Pay,Direct,81.161.166.216,343 Pine Ln,Calgary,AB,A9B 3X1,Canada
STAN-20250123-5683,TRX-20250123-289569,2025-01-23,05:07:02,Wired Earphones,25.00,1,25.00,0.00,3.25,28.25,Bob Smith,bob.smith27@yahoo.com,Succeeded,Credit Card,TikTok,248.88.93.189,457 Oak Ave,Edmonton,AB,N3F 1X1,Canada
STAN-20250123-2868,TRX-20250123-649069,2025-01-23,17:21:55,Phone Case,23.00,1,23.00,0.00,2.99,25.99,Grace Davis,grace.davis42@gmail.com,Succeeded,Credit Card,Google,150.155.105.158,542 Main Ave,Calgary,AB,P3K 9R2,Canada
STAN-20250115-3882,TRX-20250115-645371,2025-01-15,19:15:37,Phone Wrap,12.00,1,12.00,0.00,1.56,13.56,Olivia Anderson,olivia.anderson10@gmail.com,Succeeded,Credit Card,Facebook,79.130.156.241,123 Pine Blvd,Vancouver,BC,K6L 1N1,Canada
STAN-20250121-7290,TRX-20250121-499505,2025-01-21,11:43:08,AirPods Case,20.00,1,20.00,0.00,2.60,22.60,Kyle Harris,kyle.harris1@mail.com,Pending,PayPal,Google,19.231.111.196,449 Elm Blvd,Edmonton,AB,P3K 9R2,Canada
STAN-20250123-9372,TRX-20250123-149022,2025-01-23,21:18:32,Phone Case,23.00,1,23.00,0.00,2.99,25.99,Charlie Smith,charlie.smith50@outlook.com,Succeeded,Credit Card,Instagram,167.144.150.151,330 Main St,Montreal,QC,Q9K 2T2,Canada
STAN-20250114-1786,TRX-20250114-162817,2025-01-14,03:36:11,Wired Earphones,25.00,1,25.00,0.00,3.25,28.25,Bob Smith,bob.smith27@yahoo.com,Succeeded,Apple Pay,Direct,248.88.93.189,457 Oak Ave,Edmonton,AB,N3F 1X1,Canada
STAN-20250115-3363,TRX-20250115-816715,2025-01-15,02:46:16,Phone Case,23.00,1,23.00,0.00,2.99,25.99,Liam Wilson,liam.wilson70@outlook.com,Succeeded,Credit Card,TikTok,230.165.234.194,528 Main St,Calgary,AB,N3F 1X1,Canada
STAN-20250111-2673,TRX-20250111-137746,2025-01-11,04:20:41,Phone Wrap,12.00,1,12.00,0.00,1.56,13.56,Peter Brown,peter.brown82@mail.com,Succeeded,Credit Card,Google,170.198.17.159,576 Pine Ave,Montreal,QC,A9B 3X1,Canada
STAN-20250120-7634,TRX-20250120-192800,2025-01-20,01:13:06,AirPods Case,20.00,1,20.00,0.00,2.60,22.60,Sam Miller,sam.miller91@gmail.com,Succeeded,PayPal,Direct,188.42.176.128,401 Main Rd,Vancouver,BC,N3F 1X1,Canada
STAN-20250104-5853,TRX-20250104-706599,2025-01-04,01:50:57,Phone Case,23.00,1,23.00,0.00,2.99,25.99,Heidi Williams,heidi.williams79@yahoo.com,Succeeded,Credit Card,Instagram,191.139.117.202,326 Elm Ave,Calgary,AB,Q9K 2T2,Canada
STAN-20250128-8745,TRX-20250128-406673,2025-01-28,16:16:32,Wired Earphones,25.00,1,25.00,0.00,3.25,28.25,Uma Jackson,uma.jackson37@gmail.com,Succeeded,Credit Card,Direct,81.161.166.216,343 Pine Ln,Calgary,AB,A9B 3X1,Canada
STAN-20250119-9430,TRX-20250119-247545,2025-01-19,10:20:44,Phone Case,23.00,1,23.00,0.00,2.99,25.99,Victor Thomas,victor.thomas37@outlook.com,Refunded,Credit Card,Google,179.167.147.253,307 Main St,Vancouver,BC,K6L 1N1,Canada
STAN-20250107-1605,TRX-20250107-550993,2025-01-07,18:31:49,Phone Wrap,12.00,1,12.00,0.00,1.56,13.56,Quinn Smith,quinn.smith48@example.com,Succeeded,Credit Card,Facebook,96.88.243.203,799 Main St,Toronto,ON,N3F 1X1,Canada
STAN-20250101-7293,TRX-20250101-654763,2025-01-01,17:29:43,AirPods Case,20.00,1,20.00,0.00,2.60,22.60,Charlie Smith,charlie.smith50@outlook.com,Succeeded,Credit Card,Google,167.144.150.151,330 Main St,Montreal,QC,Q9K 2T2,Canada
STAN-20250110-8547,TRX-20250110-675681,2025-01-10,03:32:00,Phone Case,23.00,1,23.00,0.00,2.99,25.99,Grace Davis,grace.davis42@gmail.com,Succeeded,Apple Pay,TikTok,150.155.105.158,542 Main Ave,Calgary,AB,P3K 9R2,Canada
STAN-20250125-9988,TRX-20250125-666355,2025-01-25,12:00:23,Wired Earphones,25.00,1,25.00,0.00,3.25,28.25,Peter Brown,peter.brown82@mail.com,Succeeded,Credit Card,Direct,170.198.17.159,576 Pine Ave,Montreal,QC,A9B 3X1,Canada
STAN-20250104-1808,TRX-20250104-972173,2025-01-04,05:13:35,AirPods Case,20.00,1,20.00,0.00,2.60,22.60,Bob Smith,bob.smith27@yahoo.com,Succeeded,Credit Card,Instagram,248.88.93.189,457 Oak Ave,Edmonton,AB,N3F 1X1,Canada
STAN-20250103-8860,TRX-20250103-911802,2025-01-03,13:59:36,Phone Wrap,12.00,1,12.00,0.00,1.56,13.56,Liam Wilson,liam.wilson70@outlook.com,Succeeded,PayPal,Google,230.165.234.194,528 Main St,Calgary,AB,N3F 1X1,Canada
STAN-20250124-7386,TRX-20250124-735999,2025-01-24,19:10:44,Phone Case,23.00,1,23.00,0.00,2.99,25.99,Olivia Anderson,olivia.anderson10@gmail.com,Succeeded,Credit Card,Direct,79.130.156.241,123 Pine Blvd,Vancouver,BC,K6L 1N1,Canada
STAN-20250102-1323,TRX-20250102-393282,2025-01-02,07:54:20,Wired Earphones,25.00,1,25.00,0.00,3.25,28.25,Frank Taylor,frank.taylor55@yahoo.com,Succeeded,Apple Pay,TikTok,215.86.14.214,534 Maple Rd,Montreal,QC,A9B 3X1,Canada
STAN-20250107-6799,TRX-20250107-164478,2025-01-07,04:22:42,Phone Case,23.00,1,23.00,0.00,2.99,25.99,Tina Garcia,tina.garcia70@yahoo.com,Failed,Credit Card (Declined),Google,188.169.143.197,931 Oak Rd,Ottawa,ON,Q9K 2T2,Canada
STAN-20250122-3850,TRX-20250122-835697,2025-01-22,08:34:40,AirPods Case,20.00,1,20.00,0.00,2.60,22.60,Diana Miller,diana.miller22@example.com,Succeeded,Credit Card,Instagram,158.127.167.241,749 Elm Rd,Montreal,QC,A9B 3X1,Canada
STAN-20250118-2028,TRX-20250118-912555,2025-01-18,05:07:07,Phone Wrap,12.00,1,12.00,0.00,1.56,13.56,Frank Taylor,frank.taylor55@yahoo.com,Succeeded,Credit Card,Facebook,215.86.14.214,534 Maple Rd,Montreal,QC,A9B 3X1,Canada
STAN-20250126-4447,TRX-20250126-179379,2025-01-26,11:58:19,Phone Case,23.00,1,23.00,0.00,2.99,25.99,Sam Miller,sam.miller91@gmail.com,Succeeded,PayPal,Direct,188.42.176.128,401 Main Rd,Vancouver,BC,N3F 1X1,Canada
STAN-20250111-9774,TRX-20250111-209865,2025-01-11,06:05:01,Wired Earphones,25.00,1,25.00,0.00,3.25,28.25,Judy Moore,judy.moore25@outlook.com,Succeeded,Credit Card,TikTok,169.176.104.254,929 Main St,Vancouver,BC,Q9K 2T2,Canada
STAN-20250105-1823,TRX-20250105-645068,2025-01-05,00:32:04,Phone Case,23.00,1,23.00,0.00,2.99,25.99,Peter Brown,peter.brown82@mail.com,Succeeded,Credit Card,Google,170.198.17.159,576 Pine Ave,Montreal,QC,A9B 3X1,Canada
STAN-20250112-9706,TRX-20250112-974249,2025-01-12,00:39:19,AirPods Case,20.00,1,20.00,0.00,2.60,22.60,Heidi Williams,heidi.williams79@yahoo.com,Succeeded,Apple Pay,Instagram,191.139.117.202,326 Elm Ave,Calgary,AB,Q9K 2T2,Canada
STAN-20250109-1736,TRX-20250109-667954,2025-01-09,14:14:14,Phone Wrap,12.00,1,12.00,0.00,1.56,13.56,Heidi Williams,heidi.williams79@yahoo.com,Succeeded,Credit Card,TikTok,191.139.117.202,326 Elm Ave,Calgary,AB,Q9K 2T2,Canada
STAN-20250108-5924,TRX-20250108-417122,2025-01-08,00:54:55,Phone Case,23.00,1,23.00,0.00,2.99,25.99,Judy Moore,judy.moore25@outlook.com,Pending,Credit Card,Google,169.176.104.254,929 Main St,Vancouver,BC,Q9K 2T2,Canada
STAN-20250126-7880,TRX-20250126-646960,2025-01-26,02:40:02,Wired Earphones,25.00,1,25.00,0.00,3.25,28.25,Noah Harris,noah.harris58@example.com,Succeeded,Credit Card,Instagram,73.181.189.100,544 Elm Blvd,Calgary,AB,Q9K 2T2,Canada
STAN-20250129-9233,TRX-20250129-847255,2025-01-29,19:15:23,Phone Case,23.00,1,23.00,0.00,2.99,25.99,Heidi Williams,heidi.williams79@yahoo.com,Succeeded,Apple Pay,Direct,191.139.117.202,326 Elm Ave,Calgary,AB,Q9K 2T2,Canada
STAN-20250117-6401,TRX-20250117-664402,2025-01-17,08:31:01,AirPods Case,20.00,1,20.00,0.00,2.60,22.60,Peter Brown,peter.brown82@mail.com,Succeeded,PayPal,TikTok,170.198.17.159,576 Pine Ave,Montreal,QC,A9B 3X1,Canada
STAN-20250118-8742,TRX-20250118-842273,2025-01-18,04:22:27,Phone Wrap,12.00,1,12.00,0.00,1.56,13.56,Quinn Smith,quinn.smith48@example.com,Succeeded,Credit Card,Google,96.88.243.203,799 Main St,Toronto,ON,N3F 1X1,Canada
STAN-20250101-3142,TRX-20250101-713296,2025-01-01,16:03:09,Phone Case,23.00,1,23.00,0.00,2.99,25.99,Sam Miller,sam.miller91@gmail.com,Succeeded,Credit Card,Direct,188.42.176.128,401 Main Rd,Vancouver,BC,N3F 1X1,Canada
STAN-20250106-9324,TRX-20250106-695325,2025-01-06,12:28:44,Wired Earphones,25.00,1,25.00,0.00,3.25,28.25,Heidi Williams,heidi.williams79@yahoo.com,Succeeded,Credit Card,TikTok,191.139.117.202,326 Elm Ave,Calgary,AB,Q9K 2T2,Canada
STAN-20250105-3331,TRX-20250105-885499,2025-01-05,09:12:12,AirPods Case,20.00,1,20.00,0.00,2.60,22.60,Noah Harris,noah.harris58@example.com,Succeeded,Apple Pay,Google,73.181.189.100,544 Elm Blvd,Calgary,AB,Q9K 2T2,Canada
STAN-20250104-5161,TRX-20250104-893322,2025-01-04,06:21:40,Phone Wrap,12.00,1,12.00,0.00,1.56,13.56,Liam Wilson,liam.wilson70@outlook.com,Succeeded,Credit Card,Instagram,230.165.234.194,528 Main St,Calgary,AB,N3F 1X1,Canada
STAN-20250119-9134,TRX-20250119-547363,2025-01-19,10:20:49,Phone Case,23.00,1,23.00,0.00,2.99,25.99,Quinn Smith,quinn.smith48@example.com,Refunded,Credit Card,Facebook,96.88.243.203,799 Main St,Toronto,ON,N3F 1X1,Canada
STAN-20250121-6674,TRX-20250121-837854,2025-01-21,08:37:37,Wired Earphones,25.00,1,25.00,0.00,3.25,28.25,Diana Miller,diana.miller22@example.com,Succeeded,Credit Card,TikTok,158.127.167.241,749 Elm Rd,Montreal,QC,A9B 3X1,Canada
STAN-20250120-2212,TRX-20250120-564531,2025-01-20,09:27:01,AirPods Case,20.00,1,20.00,0.00,2.60,22.60,Peter Brown,peter.brown82@mail.com,Succeeded,PayPal,Google,170.198.17.159,576 Pine Ave,Montreal,QC,A9B 3X1,Canada
STAN-20250107-1616,TRX-20250107-775796,2025-01-07,17:21:55,Phone Wrap,12.00,1,12.00,0.00,1.56,13.56,Sam Miller,sam.miller91@gmail.com,Succeeded,Credit Card,Instagram,188.42.176.128,401 Main Rd,Vancouver,BC,N3F 1X1,Canada
STAN-20250108-9630,TRX-20250108-223405,2025-01-08,09:12:12,Phone Case,23.00,1,23.00,0.00,2.99,25.99,Quinn Smith,quinn.smith48@example.com,Pending,Credit Card,TikTok,96.88.243.203,799 Main St,Toronto,ON,N3F 1X1,Canada
STAN-20250110-8636,TRX-20250110-667954,2025-01-10,04:24:43,Wired Earphones,25.00,1,25.00,0.00,3.25,28.25,Charlie Smith,charlie.smith50@outlook.com,Succeeded,Credit Card,Facebook,167.144.150.151,330 Main St,Montreal,QC,Q9K 2T2,Canada
STAN-20250116-1798,TRX-20250116-247545,2025-01-16,10:20:44,AirPods Case,20.00,1,20.00,0.00,2.60,22.60,Diana Miller,diana.miller22@example.com,Succeeded,Credit Card,Google,158.127.167.241,749 Elm Rd,Montreal,QC,A9B 3X1,Canada
STAN-20250127-1871,TRX-20250127-445678,2025-01-27,08:34:40,Phone Wrap,12.00,1,12.00,0.00,1.56,13.56,Heidi Williams,heidi.williams79@yahoo.com,Succeeded,Apple Pay,Direct,191.139.117.202,326 Elm Ave,Calgary,AB,Q9K 2T2,Canada
STAN-20250102-1323,TRX-20250102-393282,2025-01-02,07:54:20,Phone Case,23.00,1,23.00,0.00,2.99,25.99,Frank Taylor,frank.taylor55@yahoo.com,Succeeded,Apple Pay,TikTok,215.86.14.214,534 Maple Rd,Montreal,QC,A9B 3X1,Canada
STAN-20250113-5689,TRX-20250113-640108,2025-01-13,02:18:03,Wired Earphones,25.00,1,25.00,0.00,3.25,28.25,Uma Jackson,uma.jackson37@gmail.com,Failed,Credit Card (Declined),Google,81.161.166.216,343 Pine Ln,Calgary,AB,A9B 3X1,Canada
STAN-20250127-6286,TRX-20250127-660144,2025-01-27,07:07:08,Phone Case,23.00,1,23.00,0.00,2.99,25.99,Frank Taylor,frank.taylor55@yahoo.com,Succeeded,Credit Card,TikTok,215.86.14.214,534 Maple Rd,Montreal,QC,A9B 3X1,Canada
STAN-20250124-7835,TRX-20250124-633276,2025-01-24,20:46:11,AirPods Case,20.00,1,20.00,0.00,2.60,22.60,Uma Jackson,uma.jackson37@gmail.com,Succeeded,PayPal,Instagram,81.161.166.216,343 Pine Ln,Calgary,AB,A9B 3X1,Canada
STAN-20250106-9302,TRX-20250106-258054,2025-01-06,12:29:43,AirPods Case,20.00,1,20.00,0.00,2.60,22.60,Judy Moore,judy.moore25@outlook.com,Succeeded,Credit Card,Instagram,169.176.104.254,929 Main St,Vancouver,BC,Q9K 2T2,Canada
STAN-20250117-9159,TRX-20250117-943033,2025-01-17,04:22:20,Phone Case,23.00,1,23.00,0.00,2.99,25.99,Uma Jackson,uma.jackson37@gmail.com,Succeeded,Apple Pay,Direct,81.161.166.216,343 Pine Ln,Calgary,AB,A9B 3X1,Canada
STAN-20250123-5683,TRX-20250123-289569,2025-01-23,05:07:02,Wired Earphones,25.00,1,25.00,0.00,3.25,28.25,Bob Smith,bob.smith27@yahoo.com,Succeeded,Credit Card,TikTok,248.88.93.189,457 Oak Ave,Edmonton,AB,N3F 1X1,Canada
STAN-20250123-2868,TRX-20250123-649069,2025-01-23,17:21:55,Phone Case,23.00,1,23.00,0.00,2.99,25.99,Grace Davis,grace.davis42@gmail.com,Succeeded,Credit Card,Google,150.155.105.158,542 Main Ave,Calgary,AB,P3K 9R2,Canada
STAN-20250115-3882,TRX-20250115-645371,2025-01-15,19:15:37,Phone Wrap,12.00,1,12.00,0.00,1.56,13.56,Olivia Anderson,olivia.anderson10@gmail.com,Succeeded,Credit Card,Facebook,79.130.156.241,123 Pine Blvd,Vancouver,BC,K6L 1N1,Canada
STAN-20250121-7290,TRX-20250121-499505,2025-01-21,11:43:08,AirPods Case,20.00,1,20.00,0.00,2.60,22.60,Kyle Harris,kyle.harris1@mail.com,Pending,PayPal,Google,19.231.111.196,449 Elm Blvd,Edmonton,AB,P3K 9R2,Canada
STAN-20250123-9372,TRX-20250123-149022,2025-01-23,21:18:32,Phone Case,23.00,1,23.00,0.00,2.99,25.99,Charlie Smith,charlie.smith50@outlook.com,Succeeded,Credit Card,Instagram,167.144.150.151,330 Main St,Montreal,QC,Q9K 2T2,Canada
STAN-20250114-1786,TRX-20250114-162817,2025-01-14,03:36:11,Wired Earphones,25.00,1,25.00,0.00,3.25,28.25,Bob Smith,bob.smith27@yahoo.com,Succeeded,Apple Pay,Direct,248.88.93.189,457 Oak Ave,Edmonton,AB,N3F 1X1,Canada
STAN-20250115-3363,TRX-20250115-816715,2025-01-15,02:46:16,Phone Case,23.00,1,23.00,0.00,2.99,25.99,Liam Wilson,liam.wilson70@outlook.com,Succeeded,Credit Card,TikTok,230.165.234.194,528 Main St,Calgary,AB,N3F 1X1,Canada
STAN-20250111-2673,TRX-20250111-137746,2025-01-11,04:20:41,Phone Wrap,12.00,1,12.00,0.00,1.56,13.56,Peter Brown,peter.brown82@mail.com,Succeeded,Credit Card,Google,170.198.17.159,576 Pine Ave,Montreal,QC,A9B 3X1,Canada
STAN-20250120-7634,TRX-20250120-192800,2025-01-20,01:13:06,AirPods Case,20.00,1,20.00,0.00,2.60,22.60,Sam Miller,sam.miller91@gmail.com,Succeeded,PayPal,Direct,188.42.176.128,401 Main Rd,Vancouver,BC,N3F 1X1,Canada
STAN-20250104-5853,TRX-20250104-706599,2025-01-04,01:50:57,Phone Case,23.00,1,23.00,0.00,2.99,25.99,Heidi Williams,heidi.williams79@yahoo.com,Succeeded,Credit Card,Instagram,191.139.117.202,326 Elm Ave,Calgary,AB,Q9K 2T2,Canada
STAN-20250128-8745,TRX-20250128-406673,2025-01-28,16:16:32,Wired Earphones,25.00,1,25.00,0.00,3.25,28.25,Uma Jackson,uma.jackson37@gmail.com,Succeeded,Credit Card,Direct,81.161.166.216,343 Pine Ln,Calgary,AB,A9B 3X1,Canada
STAN-20250119-9430,TRX-20250119-247545,20250119-102044,Phone Case,23.00,1,23.00,0.00,2.99,25.99,Victor Thomas,victor.thomas37@outlook.com,Refunded,Credit Card,Google,179.167.147.253,307 Main St,Vancouver,BC,K6L 1N1,Canada
STAN-20250107-1605,TRX-20250107-550993,2025-01-07,18:31:49,Phone Wrap,12.00,1,12.00,0.00,1.56,13.56,Quinn Smith,quinn.smith48@example.com,Succeeded,Credit Card,Facebook,96.88.243.203,799 Main St,Toronto,ON,N3F 1X1,Canada
STAN-20250101-7293,TRX-20250101-654763,2025-01-01,17:29:43,AirPods Case,20.00,1,20.00,0.00,2.60,22.60,Charlie Smith,charlie.smith50@outlook.com,Succeeded,Credit Card,Google,167.144.150.151,330 Main St,Montreal,QC,Q9K 2T2,Canada
STAN-20250110-8547,TRX-20250110-675681,2025-01-10,03:32:00,Phone Case,23.00,1,23.00,0.00,2.99,25.99,Grace Davis,grace.davis42@gmail.com,Succeeded,Apple Pay,TikTok,150.155.105.158,542 Main Ave,Calgary,AB,P3K 9R2,Canada
STAN-20250125-9988,TRX-20250125-666355,2025-01-25,12:00:23,Wired Earphones,25.00,1,25.00,0.00,3.25,28.25,Peter Brown,peter.brown82@mail.com,Succeeded,Credit Card,Direct,170.198.17.159,576 Pine Ave,Montreal,QC,A9B 3X1,Canada
STAN-20250104-1808,TRX-20250104-972173,2025-01-04,05:13:35,AirPods Case,20.00,1,20.00,0.00,2.60,22.60,Bob Smith,bob.smith27@yahoo.com,Succeeded,Credit Card,Instagram,248.88.93.189,457 Oak Ave,Edmonton,AB,N3F 1X1,Canada
STAN-20250103-8860,TRX-20250103-911802,2025-01-03,13:59:36,Phone Wrap,12.00,1,12.00,0.00,1.56,13.56,Liam Wilson,liam.wilson70@outlook.com,Succeeded,PayPal,Google,230.165.234.194,528 Main St,Calgary,AB,N3F 1X1,Canada
STAN-20250124-7386,TRX-20250124-735999,2025-01-24,19:10:44,Phone Case,23.00,1,23.00,0.00,2.99,25.99,Olivia Anderson,olivia.anderson10@gmail.com,Succeeded,Credit Card,Direct,79.130.156.241,123 Pine Blvd,Vancouver,BC,K6L 1N1,Canada
STAN-20250102-1323,TRX-20250102-393282,2025-01-02,07:54:20,Wired Earphones,25.00,1,25.00,0.00,3.25,28.25,Frank Taylor,frank.taylor55@yahoo.com,Succeeded,Apple Pay,TikTok,215.86.14.214,534 Maple Rd,Montreal,QC,A9B 3X1,Canada
STAN-20250107-6799,TRX-20250107-164478,2025-01-07,04:22:42,Phone Case,23.00,1,23.00,0.00,2.99,25.99,Tina Garcia,tina.garcia70@yahoo.com,Failed,Credit Card (Declined),Google,188.169.143.197,931 Oak Rd,Ottawa,ON,Q9K 2T2,Canada
STAN-20250122-3850,TRX-20250122-835697,2025-01-22,08:34:40,AirPods Case,20.00,1,20.00,0.00,2.60,22.60,Diana Miller,diana.miller22@example.com,Succeeded,Credit Card,Instagram,158.127.167.241,749 Elm Rd,Montreal,QC,A9B 3X1,Canada
STAN-20250118-2028,TRX-20250118-912555,2025-01-18,05:07:07,Phone Wrap,12.00,1,12.00,0.00,1.56,13.56,Frank Taylor,frank.taylor55@yahoo.com,Succeeded,Credit Card,Facebook,215.86.14.214,534 Maple Rd,Montreal,QC,A9B 3X1,Canada
STAN-20250126-4447,TRX-20250126-179379,2025-01-26,11:58:19,Phone Case,23.00,1,23.00,0.00,2.99,25.99,Sam Miller,sam.miller91@gmail.com,Succeeded,PayPal,Direct,188.42.176.128,401 Main Rd,Vancouver,BC,N3F 1X1,Canada
STAN-20250111-9774,TRX-20250111-209865,2025-01-11,06:05:01,Wired Earphones,25.00,1,25.00,0.00,3.25,28.25,Judy Moore,judy.moore25@outlook.com,Succeeded,Credit Card,TikTok,169.176.104.254,929 Main St,Vancouver,BC,Q9K 2T2,Canada
STAN-20250105-1823,TRX-20250105-645068,2025-01-05,00:32:04,Phone Case,23.00,1,23.00,0.00,2.99,25.99,Peter Brown,peter.brown82@mail.com,Succeeded,Credit Card,Google,170.198.17.159,576 Pine Ave,Montreal,QC,A9B 3X1,Canada
STAN-20250112-9706,TRX-20250112-974249,2025-01-12,00:39:19,AirPods Case,20.00,1,20.00,0.00,2.60,22.60,Heidi Williams,heidi.williams79@yahoo.com,Succeeded,Apple Pay,Instagram,191.139.117.202,326 Elm Ave,Calgary,AB,Q9K 2T2,Canada
STAN-20250109-1736,TRX-20250109-667954,2025-01-09,14:14:14,Phone Wrap,12.00,1,12.00,0.00,1.56,13.56,Heidi Williams,heidi.williams79@yahoo.com,Succeeded,Credit Card,TikTok,191.139.117.202,326 Elm Ave,Calgary,AB,Q9K 2T2,Canada
STAN-20250108-5924,TRX-20250108-417122,2025-01-08,00:54:55,Phone Case,23.00,1,23.00,0.00,2.99,25.99,Judy Moore,judy.moore25@outlook.com,Pending,Credit Card,Google,169.176.104.254,929 Main St,Vancouver,BC,Q9K 2T2,Canada
STAN-20250126-7880,TRX-20250126-646960,2025-01-26,02:40:02,Wired Earphones,25.00,1,25.00,0.00,3.25,28.25,Noah Harris,noah.harris58@example.com,Succeeded,Credit Card,Instagram,73.181.189.100,544 Elm Blvd,Calgary,AB,Q9K 2T2,Canada
STAN-20250129-9233,TRX-20250129-847255,2025-01-29,19:15:23,Phone Case,23.00,1,23.00,0.00,2.99,25.99,Heidi Williams,heidi.williams79@yahoo.com,Succeeded,Apple Pay,Direct,191.139.117.202,326 Elm Ave,Calgary,AB,Q9K 2T2,Canada
STAN-20250117-6401,TRX-20250117-664402,2025-01-17,08:31:01,AirPods Case,20.00,1,20.00,0.00,2.60,22.60,Peter Brown,peter.brown82@mail.com,Succeeded,PayPal,TikTok,170.198.17.159,576 Pine Ave,Montreal,QC,A9B 3X1,Canada
STAN-20250118-8742,TRX-20250118-842273,2025-01-18,04:22:27,Phone Wrap,12.00,1,12.00,0.00,1.56,13.56,Quinn Smith,quinn.smith48@example.com,Succeeded,Credit Card,Google,96.88.243.203,799 Main St,Toronto,ON,N3F 1X1,Canada
STAN-20250101-3142,TRX-20250101-713296,2025-01-01,16:03:09,Phone Case,23.00,1,23.00,0.00,2.99,25.99,Sam Miller,sam.miller91@gmail.com,Succeeded,Credit Card,Direct,188.42.176.128,401 Main Rd,Vancouver,BC,N3F 1X1,Canada
STAN-20250106-9324,TRX-20250106-695325,2025-01-06,12:28:44,Wired Earphones,25.00,1,25.00,0.00,3.25,28.25,Heidi Williams,heidi.williams79@yahoo.com,Succeeded,Credit Card,TikTok,191.139.117.202,326 Elm Ave,Calgary,AB,Q9K 2T2,Canada
STAN-20250105-3331,TRX-20250105-885499,2025-01-05,09:12:12,AirPods Case,20.00,1,20.00,0.00,2.60,22.60,Noah Harris,noah.harris58@example.com,Succeeded,Apple Pay,Google,73.181.189.100,544 Elm Blvd,Calgary,AB,Q9K 2T2,Canada
STAN-20250104-5161,TRX-20250104-893322,2025-01-04,06:21:40,Phone Wrap,12.00,1,12.00,0.00,1.56,13.56,Liam Wilson,liam.wilson70@outlook.com,Succeeded,Credit Card,Instagram,230.165.234.194,528 Main St,Calgary,AB,N3F 1X1,Canada
STAN-20250119-9134,TRX-20250119-547363,2025-01-19,10:20:49,Phone Case,23.00,1,23.00,0.00,2.99,25.99,Quinn Smith,quinn.smith48@example.com,Refunded,Credit Card,Facebook,96.88.243.203,799 Main St,Toronto,ON,N3F 1X1,Canada
STAN-20250121-6674,TRX-20250121-837854,2025-01-21,08:37:37,Wired Earphones,25.00,1,25.00,0.00,3.25,28.25,Diana Miller,diana.miller22@example.com,Succeeded,Credit Card,TikTok,158.127.167.241,749 Elm Rd,Montreal,QC,A9B 3X1,Canada
STAN-20250120-2212,TRX-20250120-564531,2025-01-20,09:27:01,AirPods Case,20.00,1,20.00,0.00,2.60,22.60,Peter Brown,peter.brown82@mail.com,Succeeded,PayPal,Google,170.198.17.159,576 Pine Ave,Montreal,QC,A9B 3X1,Canada
STAN-20250107-1616,TRX-20250107-775796,2025-01-07,17:21:55,Phone Wrap,12.00,1,12.00,0.00,1.56,13.56,Sam Miller,sam.miller91@gmail.com,Succeeded,Credit Card,Instagram,188.42.176.128,401 Main Rd,Vancouver,BC,N3F 1X1,Canada
STAN-20250108-9630,TRX-20250108-223405,2025-01-08,09:12:12,Phone Case,23.00,1,23.00,0.00,2.99,25.99,Quinn Smith,quinn.smith48@example.com,Pending,Credit Card,TikTok,96.88.243.203,799 Main St,Toronto,ON,N3F 1X1,Canada
STAN-20250110-8636,TRX-20250110-667954,2025-01-10,04:24:43,Wired Earphones,25.00,1,25.00,0.00,3.25,28.25,Charlie Smith,charlie.smith50@outlook.com,Succeeded,Credit Card,Facebook,167.144.150.151,330 Main St,Montreal,QC,Q9K 2T2,Canada
STAN-20250116-1798,TRX-20250116-247545,2025-01-16,10:20:44,AirPods Case,20.00,1,20.00,0.00,2.60,22.60,Diana Miller,diana.miller22@example.com,Succeeded,Credit Card,Google,158.127.167.241,749 Elm Rd,Montreal,QC,A9B 3X1,Canada
STAN-20250127-1871,TRX-20250127-445678,2025-01-27,08:34:40,Phone Wrap,12.00,1,12.00,0.00,1.56,13.56,Heidi Williams,heidi.williams79@yahoo.com,Succeeded,Apple Pay,Direct,191.139.117.202,326 Elm Ave,Calgary,AB,Q9K 2T2,Canada
STAN-20250129-2895,TRX-20250129-847255,2025-01-29,19:15:23,Phone Case,23.00,1,23.00,0.00,2.99,25.99,Heidi Williams,heidi.williams79@yahoo.com,Succeeded,Apple Pay,Direct,191.139.117.202,326 Elm Ave,Calgary,AB,Q9K 2T2,Canada
STAN-20250117-6401,TRX-20250117-664402,2025-01-17,08:31:01,AirPods Case,20.00,1,20.00,0.00,2.60,22.60,Peter Brown,peter.brown82@mail.com,Succeeded,PayPal,TikTok,170.198.17.159,576 Pine Ave,Montreal,QC,A9B 3X1,Canada
STAN-20250118-8742,TRX-20250118-842273,2025-01-18,04:22:27,Phone Wrap,12.00,1,12.00,0.00,1.56,13.56,Quinn Smith,quinn.smith48@example.com,Succeeded,Credit Card,Google,96.88.243.203,799 Main St,Toronto,ON,N3F 1X1,Canada
STAN-20250101-3142,TRX-20250101-713296,2025-01-01,16:03:09,Phone Case,23.00,1,23.00,0.00,2.99,25.99,Sam Miller,sam.miller91@gmail.com,Succeeded,Credit Card,Direct,188.42.176.128,401 Main Rd,Vancouver,BC,N3F 1X1,Canada
STAN-20250106-9324,TRX-20250106-695325,2025-01-06,12:28:44,Wired Earphones,25.00,1,25.00,0.00,3.25,28.25,Heidi Williams,heidi.williams79@yahoo.com,Succeeded,Credit Card,TikTok,191.139.117.202,326 Elm Ave,Calgary,AB,Q9K 2T2,Canada
STAN-20250105-3331,TRX-20250105-885499,2025-01-05,09:12:12,AirPods Case,20.00,1,20.00,0.00,2.60,22.60,Noah Harris,noah.harris58@example.com,Succeeded,Apple Pay,Google,73.181.189.100,544 Elm Blvd,Calgary,AB,Q9K 2T2,Canada
STAN-20250104-5161,TRX-20250104-893322,2025-01-04,06:21:40,Phone Wrap,12.00,1,12.00,0.00,1.56,13.56,Liam Wilson,liam.wilson70@outlook.com,Succeeded,Credit Card,Instagram,230.165.234.194,528 Main St,Calgary,AB,N3F 1X1,Canada
STAN-20250119-9134,TRX-20250119-547363,2025-01-19,10:20:49,Phone Case,23.00,1,23.00,0.00,2.99,25.99,Quinn Smith,quinn.smith48@example.com,Refunded,Credit Card,Facebook,96.88.243.203,799 Main St,Toronto,ON,N3F 1X1,Canada
STAN-20250121-6674,TRX-20250121-837854,2025-01-21,08:37:37,Wired Earphones,25.00,1,25.00,0.00,3.25,28.25,Diana Miller,diana.miller22@example.com,Succeeded,Credit Card,TikTok,158.127.167.241,749 Elm Rd,Montreal,QC,A9B 3X1,Canada
STAN-20250120-2212,TRX-20250120-564531,2025-01-20,09:27:01,AirPods Case,20.00,1,20.00,0.00,2.60,22.60,Peter Brown,peter.brown82@mail.com,Succeeded,PayPal,Google,170.198.17.159,576 Pine Ave,Montreal,QC,A9B 3X1,Canada
STAN-20250107-1616,TRX-20250107-775796,2025-01-07,17:21:55,Phone Wrap,12.00,1,12.00,0.00,1.56,13.56,Sam Miller,sam.miller91@gmail.com,Succeeded,Credit Card,Instagram,188.42.176.128,401 Main Rd,Vancouver,BC,N3F 1X1,Canada
STAN-20250108-9630,TRX-20250108-223405,2025-01-08,09:12:12,Phone Case,23.00,1,23.00,0.00,2.99,25.99,Quinn Smith,quinn.smith48@example.com,Pending,Credit Card,TikTok,96.88.243.203,799 Main St,Toronto,ON,N3F 1X1,Canada
STAN-20250110-8636,TRX-20250110-667954,2025-01-10,04:24:43,Wired Earphones,25.00,1,25.00,0.00,3.25,28.25,Charlie Smith,charlie.smith50@outlook.com,Succeeded,Credit Card,Facebook,167.144.150.151,330 Main St,Montreal,QC,Q9K 2T2,Canada
STAN-20250116-1798,TRX-20250116-247545,2025-01-16,10:20:44,AirPods Case,20.00,1,20.00,0.00,2.60,22.60,Diana Miller,diana.miller22@example.com,Succeeded,Credit Card,Google,158.127.167.241,749 Elm Rd,Montreal,QC,A9B 3X1,Canada
STAN-20250127-1871,TRX-20250127-445678,2025-01-27,08:34:40,Phone Wrap,12.00,1,12.00,0.00,1.56,13.56,Heidi Williams,heidi.williams79@yahoo.com,Succeeded,Apple Pay,Direct,191.139.117.202,326 Elm Ave,Calgary,AB,Q9K 2T2,Canada
STAN-20250101-9233,TRX-20250101-847255,2025-01-01,19:15:23,Phone Case,23.00,1,23.00,0.00,2.99,25.99,Heidi Williams,heidi.williams79@yahoo.com,Succeeded,Apple Pay,Direct,191.139.117.202,326 Elm Ave,Calgary,AB,Q9K 2T2,Canada
STAN-20250117-6401,TRX-20250117-664402,2025-01-17,08:31:01,AirPods Case,20.00,1,20.00,0.00,2.60,22.60,Peter Brown,peter.brown82@mail.com,Succeeded,PayPal,TikTok,170.198.17.159,576 Pine Ave,Montreal,QC,A9B 3X1,Canada
STAN-20250118-8742,TRX-20250118-842273,2025-01-18,04:22:27,Phone Wrap,12.00,1,12.00,0.00,1.56,13.56,Quinn Smith,quinn.smith48@example.com,Succeeded,Credit Card,Google,96.88.243.203,799 Main St,Toronto,ON,N3F 1X1,Canada
STAN-20250101-3142,TRX-20250101-713296,2025-01-01,16:03:09,Phone Case,23.00,1,23.00,0.00,2.99,25.99,Sam Miller,sam.miller91@gmail.com,Succeeded,Credit Card,Direct,188.42.176.128,401 Main Rd,Vancouver,BC,N3F 1X1,Canada
STAN-20250106-9324,TRX-20250106-695325,2025-01-06,12:28:44,Wired Earphones,25.00,1,25.00,0.00,3.25,28.25,Heidi Williams,heidi.williams79@yahoo.com,Succeeded,Credit Card,TikTok,191.139.117.202,326 Elm Ave,Calgary,AB,Q9K 2T2,Canada
STAN-20250105-3331,TRX-20250105-885499,2025-01-05,09:12:12,AirPods Case,20.00,1,20.00,0.00,2.60,22.60,Noah Harris,noah.harris58@example.com,Succeeded,Apple Pay,Google,73.181.189.100,544 Elm Blvd,Calgary,AB,Q9K 2T2,Canada
STAN-20250104-5161,TRX-20250104-893322,2025-01-04,06:21:40,Phone Wrap,12.00,1,12.00,0.00,1.56,13.56,Liam Wilson,liam.wilson70@outlook.com,Succeeded,Credit Card,Instagram,230.165.234.194,528 Main St,Calgary,AB,N3F 1X1,Canada
STAN-20250119-9134,TRX-20250119-547363,2025-01-19,10:20:49,Phone Case,23.00,1,23.00,0.00,2.99,25.99,Quinn Smith,quinn.smith48@example.com,Refunded,Credit Card,Facebook,96.88.243.203,799 Main St,Toronto,ON,N3F 1X1,Canada
STAN-20250121-6674,TRX-20250121-837854,2025-01-21,08:37:37,Wired Earphones,25.00,1,25.00,0.00,3.25,28.25,Diana Miller,diana.miller22@example.com,Succeeded,Credit Card,TikTok,158.127.167.241,749 Elm Rd,Montreal,QC,A9B 3X1,Canada
STAN-20250120-2212,TRX-20250120-564531,2025-01-20,09:27:01,AirPods Case,20.00,1,20.00,0.00,2.60,22.60,Peter Brown,peter.brown82@mail.com,Succeeded,PayPal,Google,170.198.17.159,576 Pine Ave,Montreal,QC,A9B 3X1,Canada
STAN-20250107-1616,TRX-20250107-775796,2025-01-07,17:21:55,Phone Wrap,12.00,1,12.00,0.00,1.56,13.56,Sam Miller,sam.miller91@gmail.com,Succeeded,Credit Card,Instagram,188.42.176.128,401 Main Rd,Vancouver,BC,N3F 1X1,Canada
STAN-20250108-9630,TRX-20250108-223405,2025-01-08,09:12:12,Phone Case,23.00,1,23.00,0.00,2.99,25.99,Quinn Smith,quinn.smith48@example.com,Pending,Credit Card,TikTok,96.88.243.203,799 Main St,Toronto,ON,N3F 1X1,Canada
STAN-20250110-8636,TRX-20250110-667954,2025-01-10,04:24:43,Wired Earphones,25.00,1,25.00,0.00,3.25,28.25,Charlie Smith,charlie.smith50@outlook.com,Succeeded,Credit Card,Facebook,167.144.150.151,330 Main St,Montreal,QC,Q9K 2T2,Canada
STAN-20250116-1798,TRX-20250116-247545,2025-01-16,10:20:44,AirPods Case,20.00,1,20.00,0.00,2.60,22.60,Diana Miller,diana.miller22@example.com,Succeeded,Credit Card,Google,158.127.167.241,749 Elm Rd,Montreal,QC,A9B 3X1,Canada
STAN-20250127-1871,TRX-20250127-445678,2025-01-27,08:34:40,Phone Wrap,12.00,1,12.00,0.00,1.56,13.56,Heidi Williams,heidi.williams79@yahoo.com,Succeeded,Apple Pay,Direct,191.139.117.202,326 Elm Ave,Calgary,AB,Q9K 2T2,Canada
STAN-20250201-9233,TRX-20250201-847255,2025-02-01,19:15:23,Phone Case,23.00,1,23.00,0.00,2.99,25.99,Heidi Williams,heidi.williams79@yahoo.com,Succeeded,Apple Pay,Direct,191.139.117.202,326 Elm Ave,Calgary,AB,Q9K 2T2,Canada
STAN-20250217-6401,TRX-20250217-664402,2025-02-17,08:31:01,AirPods Case,20.00,1,20.00,0.00,2.60,22.60,Peter Brown,peter.brown82@mail.com,Succeeded,PayPal,TikTok,170.198.17.159,576 Pine Ave,Montreal,QC,A9B 3X1,Canada
STAN-20250218-8742,TRX-20250218-842273,2025-02-18,04:22:27,Phone Wrap,12.00,1,12.00,0.00,1.56,13.56,Quinn Smith,quinn.smith48@example.com,Succeeded,Credit Card,Google,96.88.243.203,799 Main St,Toronto,ON,N3F 1X1,Canada
STAN-20250201-3142,TRX-20250201-713296,2025-02-01,16:03:09,Phone Case,23.00,1,23.00,0.00,2.99,25.99,Sam Miller,sam.miller91@gmail.com,Succeeded,Credit Card,Direct,188.42.176.128,401 Main Rd,Vancouver,BC,N3F 1X1,Canada
STAN-20250206-9324,TRX-20250206-695325,2025-02-06,12:28:44,Wired Earphones,25.00,1,25.00,0.00,3.25,28.25,Heidi Williams,heidi.williams79@yahoo.com,Succeeded,Credit Card,TikTok,191.139.117.202,326 Elm Ave,Calgary,AB,Q9K 2T2,Canada
STAN-20250205-3331,TRX-20250205-885499,2025-02-05,09:12:12,AirPods Case,20.00,1,20.00,0.00,2.60,22.60,Noah Harris,noah.harris58@example.com,Succeeded,Apple Pay,Google,73.181.189.100,544 Elm Blvd,Calgary,AB,Q9K 2T2,Canada
STAN-20250204-5161,TRX-20250204-893322,2025-02-04,06:21:40,Phone Wrap,12.00,1,12.00,0.00,1.56,13.56,Liam Wilson,liam.wilson70@outlook.com,Succeeded,Credit Card,Instagram,230.165.234.194,528 Main St,Calgary,AB,N3F 1X1,Canada
STAN-20250219-9134,TRX-20250219-547363,2025-02-19,10:20:49,Phone Case,23.00,1,23.00,0.00,2.99,25.99,Quinn Smith,quinn.smith48@example.com,Refunded,Credit Card,Facebook,96.88.243.203,799 Main St,Toronto,ON,N3F 1X1,Canada
STAN-20250221-6674,TRX-20250221-837854,2025-02-21,08:37:37,Wired Earphones,25.00,1,25.00,0.00,3.25,28.25,Diana Miller,diana.miller22@example.com,Succeeded,Credit Card,TikTok,158.127.167.241,749 Elm Rd,Montreal,QC,A9B 3X1,Canada
STAN-20250220-2212,TRX-20250220-564531,2025-02-20,09:27:01,AirPods Case,20.00,1,20.00,0.00,2.60,22.60,Peter Brown,peter.brown82@mail.com,Succeeded,PayPal,Google,170.198.17.159,576 Pine Ave,Montreal,QC,A9B 3X1,Canada
STAN-20250207-1616,TRX-20250207-775796,2025-02-07,17:21:55,Phone Wrap,12.00,1,12.00,0.00,1.56,13.56,Sam Miller,sam.miller91@gmail.com,Succeeded,Credit Card,Instagram,188.42.176.128,401 Main Rd,Vancouver,BC,N3F 1X1,Canada
STAN-20250208-9630,TRX-20250208-223405,2025-02-08,09:12:12,Phone Case,23.00,1,23.00,0.00,2.99,25.99,Quinn Smith,quinn.smith48@example.com,Pending,Credit Card,TikTok,96.88.243.203,799 Main St,Toronto,ON,N3F 1X1,Canada
STAN-20250210-8636,TRX-20250210-667954,2025-02-10,04:24:43,Wired Earphones,25.00,1,25.00,0.00,3.25,28.25,Charlie Smith,charlie.smith50@outlook.com,Succeeded,Credit Card,Facebook,167.144.150.151,330 Main St,Montreal,QC,Q9K 2T2,Canada
STAN-20250216-1798,TRX-20250216-247545,2025-02-16,10:20:44,AirPods Case,20.00,1,20.00,0.00,2.60,22.60,Diana Miller,diana.miller22@example.com,Succeeded,Credit Card,Google,158.127.167.241,749 Elm Rd,Montreal,QC,A9B 3X1,Canada
STAN-20250227-1871,TRX-20250227-445678,2025-02-27,08:34:40,Phone Wrap,12.00,1,12.00,0.00,1.56,13.56,Heidi Williams,heidi.williams79@yahoo.com,Succeeded,Apple Pay,Direct,191.139.117.202,326 Elm Ave,Calgary,AB,Q9K 2T2,Canada
STAN-20250301-9233,TRX-20250301-847255,2025-03-01,19:15:23,Phone Case,23.00,1,23.00,0.00,2.99,25.99,Heidi Williams,heidi.williams79@yahoo.com,Succeeded,Apple Pay,Direct,191.139.117.202,326 Elm Ave,Calgary,AB,Q9K 2T2,Canada
STAN-20250317-6401,TRX-20250317-664402,2025-03-17,08:31:01,AirPods Case,20.00,1,20.00,0.00,2.60,22.60,Peter Brown,peter.brown82@mail.com,Succeeded,PayPal,TikTok,170.198.17.159,576 Pine Ave,Montreal,QC,A9B 3X1,Canada
STAN-20250318-8742,TRX-20250318-842273,2025-03-18,04:22:27,Phone Wrap,12.00,1,12.00,0.00,1.56,13.56,Quinn Smith,quinn.smith48@example.com,Succeeded,Credit Card,Google,96.88.243.203,799 Main St,Toronto,ON,N3F 1X1,Canada
STAN-20250301-3142,TRX-20250301-713296,2025-03-01,16:03:09,Phone Case,23.00,1,23.00,0.00,2.99,25.99,Sam Miller,sam.miller91@gmail.com,Succeeded,Credit Card,Direct,188.42.176.128,401 Main Rd,Vancouver,BC,N3F 1X1,Canada
STAN-20250306-9324,TRX-20250306-695325,2025-03-06,12:28:44,Wired Earphones,25.00,1,25.00,0.00,3.25,28.25,Heidi Williams,heidi.williams79@yahoo.com,Succeeded,Credit Card,TikTok,191.139.117.202,326 Elm Ave,Calgary,AB,Q9K 2T2,Canada
STAN-20250305-3331,TRX-20250305-885499,2025-03-05,09:12:12,AirPods Case,20.00,1,20.00,0.00,2.60,22.60,Noah Harris,noah.harris58@example.com,Succeeded,Apple Pay,Google,73.181.189.100,544 Elm Blvd,Calgary,AB,Q9K 2T2,Canada
STAN-20250304-5161,TRX-20250304-893322,2025-03-04,06:21:40,Phone Wrap,12.00,1,12.00,0.00,1.56,13.56,Liam Wilson,liam.wilson70@outlook.com,Succeeded,Credit Card,Instagram,230.165.234.194,528 Main St,Calgary,AB,N3F 1X1,Canada
STAN-20250319-9134,TRX-20250319-547363,2025-03-19,10:20:49,Phone Case,23.00,1,23.00,0.00,2.99,25.99,Quinn Smith,quinn.smith48@example.com,Refunded,Credit Card,Facebook,96.88.243.203,799 Main St,Toronto,ON,N3F 1X1,Canada
STAN-20250321-6674,TRX-20250321-837854,2025-03-21,08:37:37,Wired Earphones,25.00,1,25.00,0.00,3.25,28.25,Diana Miller,diana.miller22@example.com,Succeeded,Credit Card,TikTok,158.127.167.241,749 Elm Rd,Montreal,QC,A9B 3X1,Canada
STAN-20250320-2212,TRX-20250320-564531,2025-03-20,09:27:01,AirPods Case,20.00,1,20.00,0.00,2.60,22.60,Peter Brown,peter.brown82@mail.com,Succeeded,PayPal,Google,170.198.17.159,576 Pine Ave,Montreal,QC,A9B 3X1,Canada
STAN-20250307-1616,TRX-20250307-775796,2025-03-07,17:21:55,Phone Wrap,12.00,1,12.00,0.00,1.56,13.56,Sam Miller,sam.miller91@gmail.com,Succeeded,Credit Card,Instagram,188.42.176.128,401 Main Rd,Vancouver,BC,N3F 1X1,Canada
STAN-20250308-9630,TRX-20250308-223405,2025-03-08,09:12:12,Phone Case,23.00,1,23.00,0.00,2.99,25.99,Quinn Smith,quinn.smith48@example.com,Pending,Credit Card,TikTok,96.88.243.203,799 Main St,Toronto,ON,N3F 1X1,Canada
STAN-20250310-8636,TRX-20250310-667954,2025-03-10,04:24:43,Wired Earphones,25.00,1,25.00,0.00,3.25,28.25,Charlie Smith,charlie.smith50@outlook.com,Succeeded,Credit Card,Facebook,167.144.150.151,330 Main St,Montreal,QC,Q9K 2T2,Canada
STAN-20250316-1798,TRX-20250316-247545,2025-03-16,10:20:44,AirPods Case,20.00,1,20.00,0.00,2.60,22.60,Diana Miller,diana.miller22@example.com,Succeeded,Credit Card,Google,158.127.167.241,749 Elm Rd,Montreal,QC,A9B 3X1,Canada
STAN-20250327-1871,TRX-20250327-445678,2025-03-27,08:34:40,Phone Wrap,12.00,1,12.00,0.00,1.56,13.56,Heidi Williams,heidi.williams79@yahoo.com,Succeeded,Apple Pay,Direct,191.139.117.202,326 Elm Ave,Calgary,AB,Q9K 2T2,Canada
STAN-20250401-9233,TRX-20250401-847255,2025-04-01,19:15:23,Phone Case,23.00,1,23.00,0.00,2.99,25.99,Heidi Williams,heidi.williams79@yahoo.com,Succeeded,Apple Pay,Direct,191.139.117.202,326 Elm Ave,Calgary,AB,Q9K 2T2,Canada
STAN-20250417-6401,TRX-20250417-664402,2025-04-17,08:31:01,AirPods Case,20.00,1,20.00,0.00,2.60,22.60,Peter Brown,peter.brown82@mail.com,Succeeded,PayPal,TikTok,170.198.17.159,576 Pine Ave,Montreal,QC,A9B 3X1,Canada
STAN-20250418-8742,TRX-20250418-842273,2025-04-18,04:22:27,Phone Wrap,12.00,1,12.00,0.00,1.56,13.56,Quinn Smith,quinn.smith48@example.com,Succeeded,Credit Card,Google,96.88.243.203,799 Main St,Toronto,ON,N3F 1X1,Canada
STAN-20250401-3142,TRX-20250401-713296,2025-04-01,16:03:09,Phone Case,23.00,1,23.00,0.00,2.99,25.99,Sam Miller,sam.miller91@gmail.com,Succeeded,Credit Card,Direct,188.42.176.128,401 Main Rd,Vancouver,BC,N3F 1X1,Canada
STAN-20250406-9324,TRX-20250406-695325,2025-04-06,12:28:44,Wired Earphones,25.00,1,25.00,0.00,3.25,28.25,Heidi Williams,heidi.williams79@yahoo.com,Succeeded,Credit Card,TikTok,191.139.117.202,326 Elm Ave,Calgary,AB,Q9K 2T2,Canada
STAN-20250405-3331,TRX-20250405-885499,2025-04-05,09:12:12,AirPods Case,20.00,1,20.00,0.00,2.60,22.60,Noah Harris,noah.harris58@example.com,Succeeded,Apple Pay,Google,73.181.189.100,544 Elm Blvd,Calgary,AB,Q9K 2T2,Canada
STAN-20250404-5161,TRX-20250404-893322,2025-04-04,06:21:40,Phone Wrap,12.00,1,12.00,0.00,1.56,13.56,Liam Wilson,liam.wilson70@outlook.com,Succeeded,Credit Card,Instagram,230.165.234.194,528 Main St,Calgary,AB,N3F 1X1,Canada
STAN-20250419-9134,TRX-20250419-547363,2025-04-19,10:20:49,Phone Case,23.00,1,23.00,0.00,2.99,25.99,Quinn Smith,quinn.smith48@example.com,Refunded,Credit Card,Facebook,96.88.243.203,799 Main St,Toronto,ON,N3F 1X1,Canada
STAN-20250421-6674,TRX-20250421-837854,2025-04-21,08:37:37,Wired Earphones,25.00,1,25.00,0.00,3.25,28.25,Diana Miller,diana.miller22@example.com,Succeeded,Credit Card,TikTok,158.127.167.241,749 Elm Rd,Montreal,QC,A9B 3X1,Canada
STAN-20250420-2212,TRX-20250420-564531,2025-04-20,09:27:01,AirPods Case,20.00,1,20.00,0.00,2.60,22.60,Peter Brown,peter.brown82@mail.com,Succeeded,PayPal,Google,170.198.17.159,576 Pine Ave,Montreal,QC,A9B 3X1,Canada
STAN-20250407-1616,TRX-20250407-775796,2025-04-07,17:21:55,Phone Wrap,12.00,1,12.00,0.00,1.56,13.56,Sam Miller,sam.miller91@gmail.com,Succeeded,Credit Card,Instagram,188.42.176.128,401 Main Rd,Vancouver,BC,N3F 1X1,Canada
STAN-20250408-9630,TRX-20250408-223405,2025-04-08,09:12:12,Phone Case,23.00,1,23.00,0.00,2.99,25.99,Quinn Smith,quinn.smith48@example.com,Pending,Credit Card,TikTok,96.88.243.203,799 Main St,Toronto,ON,N3F 1X1,Canada
STAN-20250410-8636,TRX-20250410-667954,2025-04-10,04:24:43,Wired Earphones,25.00,1,25.00,0.00,3.25,28.25,Charlie Smith,charlie.smith50@outlook.com,Succeeded,Credit Card,Facebook,167.144.150.151,330 Main St,Montreal,QC,Q9K 2T2,Canada
STAN-20250416-1798,TRX-20250416-247545,2025-04-16,10:20:44,AirPods Case,20.00,1,20.00,0.00,2.60,22.60,Diana Miller,diana.miller22@example.com,Succeeded,Credit Card,Google,158.127.167.241,749 Elm Rd,Montreal,QC,A9B 3X1,Canada
STAN-20250427-1871,TRX-20250427-445678,2025-04-27,08:34:40,Phone Wrap,12.00,1,12.00,0.00,1.56,13.56,Heidi Williams,heidi.williams79@yahoo.com,Succeeded,Apple Pay,Direct,191.139.117.202,326 Elm Ave,Calgary,AB,Q9K 2T2,Canada
STAN-20250501-9233,TRX-20250501-847255,2025-05-01,19:15:23,Phone Case,23.00,1,23.00,0.00,2.99,25.99,Heidi Williams,heidi.williams79@yahoo.com,Succeeded,Apple Pay,Direct,191.139.117.202,326 Elm Ave,Calgary,AB,Q9K 2T2,Canada
STAN-20250517-6401,TRX-20250517-664402,2025-05-17,08:31:01,AirPods Case,20.00,1,20.00,0.00,2.60,22.60,Peter Brown,peter.brown82@mail.com,Succeeded,PayPal,TikTok,170.198.17.159,576 Pine Ave,Montreal,QC,A9B 3X1,Canada
STAN-20250518-8742,TRX-20250518-842273,2025-05-18,04:22:27,Phone Wrap,12.00,1,12.00,0.00,1.56,13.56,Quinn Smith,quinn.smith48@example.com,Succeeded,Credit Card,Google,96.88.243.203,799 Main St,Toronto,ON,N3F 1X1,Canada
STAN-20250501-3142,TRX-20250501-713296,2025-05-01,16:03:09,Phone Case,23.00,1,23.00,0.00,2.99,25.99,Sam Miller,sam.miller91@gmail.com,Succeeded,Credit Card,Direct,188.42.176.128,401 Main Rd,Vancouver,BC,N3F 1X1,Canada
STAN-20250506-9324,TRX-20250506-695325,2025-05-06,12:28:44,Wired Earphones,25.00,1,25.00,0.00,3.25,28.25,Heidi Williams,heidi.williams79@yahoo.com,Succeeded,Credit Card,TikTok,191.139.117.202,326 Elm Ave,Calgary,AB,Q9K 2T2,Canada
STAN-20250505-3331,TRX-20250505-885499,2025-05-05,09:12:12,AirPods Case,20.00,1,20.00,0.00,2.60,22.60,Noah Harris,noah.harris58@example.com,Succeeded,Apple Pay,Google,73.181.189.100,544 Elm Blvd,Calgary,AB,Q9K 2T2,Canada
STAN-20250504-5161,TRX-20250504-893322,2025-05-04,06:21:40,Phone Wrap,12.00,1,12.00,0.00,1.56,13.56,Liam Wilson,liam.wilson70@outlook.com,Succeeded,Credit Card,Instagram,230.165.234.194,528 Main St,Calgary,AB,N3F 1X1,Canada
STAN-20250519-9134,TRX-20250519-547363,2025-05-19,10:20:49,Phone Case,23.00,1,23.00,0.00,2.99,25.99,Quinn Smith,quinn.smith48@example.com,Refunded,Credit Card,Facebook,96.88.243.203,799 Main St,Toronto,ON,N3F 1X1,Canada
STAN-20250521-6674,TRX-20250521-837854,2025-05-21,08:37:37,Wired Earphones,25.00,1,25.00,0.00,3.25,28.25,Diana Miller,diana.miller22@example.com,Succeeded,Credit Card,TikTok,158.127.167.241,749 Elm Rd,Montreal,QC,A9B 3X1,Canada
STAN-20250520-2212,TRX-20250520-564531,2025-05-20,09:27:01,AirPods Case,20.00,1,20.00,0.00,2.60,22.60,Peter Brown,peter.brown82@mail.com,Succeeded,PayPal,Google,170.198.17.159,576 Pine Ave,Montreal,QC,A9B 3X1,Canada
STAN-20250507-1616,TRX-20250507-775796,2025-05-07,17:21:55,Phone Wrap,12.00,1,12.00,0.00,1.56,13.56,Sam Miller,sam.miller91@gmail.com,Succeeded,Credit Card,Instagram,188.42.176.128,401 Main Rd,Vancouver,BC,N3F 1X1,Canada
STAN-20250508-9630,TRX-20250508-223405,2025-05-08,09:12:12,Phone Case,23.00,1,23.00,0.00,2.99,25.99,Quinn Smith,quinn.smith48@example.com,Pending,Credit Card,TikTok,96.88.243.203,799 Main St,Toronto,ON,N3F 1X1,Canada
STAN-20250510-8636,TRX-20250510-667954,2025-05-10,04:24:43,Wired Earphones,25.00,1,25.00,0.00,3.25,28.25,Charlie Smith,charlie.smith50@outlook.com,Succeeded,Credit Card,Facebook,167.144.150.151,330 Main St,Montreal,QC,Q9K 2T2,Canada
STAN-20250516-1798,TRX-20250516-247545,2025-05-16,10:20:44,AirPods Case,20.00,1,20.00,0.00,2.60,22.60,Diana Miller,diana.miller22@example.com,Succeeded,Credit Card,Google,158.127.167.241,749 Elm Rd,Montreal,QC,A9B 3X1,Canada
STAN-20250527-1871,TRX-20250527-445678,2025-05-27,08:34:40,Phone Wrap,12.00,1,12.00,0.00,1.56,13.56,Heidi Williams,heidi.williams79@yahoo.com,Succeeded,Apple Pay,Direct,191.139.117.202,326 Elm Ave,Calgary,AB,Q9K 2T2,Canada